cancer_type	cancer_type_code	subgroup	n_met	n_prim	slope_primary	intercept_primary	rvalue_res_prim	pvalue_res_prim	slope_met	intercept_met	rvalue_res_met	pvalue_res_met	fold_change_met	std_fold_change_met	mean_diff_residual	std_diff_residual	pvalue_diff_distributions
Prostate cancer	PRAD	WES	99	152	5.113842667447512	92.24455209407552	0.27463864163743223	0.0031054330696574763	2.9825521541396802	607.2082168478147	0.08827106614538846	0.4545382414676179	2.0873276127506886	409.3168402147063	385.79454273508264	25.472494379176705	0.0
